Key,AtlasText_english.json,AtlasText_hebrew.json,AtlasText_arabic.json
text_anchor,left,right,right
display_language,English,עברית,عربية
brain_regions,Brain Regions,אזורים במוח,مناطق الدماغ
brain_functions,Brain Functions,תפקודים של המוח,وظائف الدماغ
visual_perception_title,Vision,ראייה,نظر
visual_perception_body,"The first areas to receive information from the eyes process basic characteristics such as the orientation of the objects we see. More advanced areas process color and motion, and interpret exactly what we are seeing and how this information can be used.","האזורים הראשונים שמקבלים מידע מהעיניים מעבּדים מאפיינים בסיסיים כמו כיווּניוּת האובייקטים שאנו רואים. אזורים מתקדמים יותר מעבּדים צבע ותנועה, ומסיקים מה בדיוק אנו רואים ואיך אפשר להשתמש בזה.",تتميز المناطق الأولى الّتي تتلقى معلومات من العيون بخصائص أساسية مثل اتجاه الأغراض الّتي نراها. المناطق الأكثر تقدمًا تعالج الألوان والحركة، واستنتاج ما نراه بالضبط وكيف يمكننا استخدامه.
auditory_perception_title,Hearing,שמיעה,سمع
auditory_perception_body,"When we process the sound waves that reach the brain from the ear we understand the sound’s basic characteristics such as frequency and strength. Moreover, we process also more advanced aspects such as location in the sphere in which we heard it, and its meaning: Is someone speaking to me? Is it music?","בתהליך עיבוד גלֵי הקול המגיעים מהאוזן למוח אנו מבינים מהם המאפיינים הבסיסיים של הקול כמו הגובה והעוצמה שלו, אבל גם דברים מתקדמים יותר כמו המיקום במרחב ממנו שמענו אותו, ומה המשמעות של הצלילים: האם מישהו מדבר אליי? האם זו מוזיקה?",في عملية معالجة الموجات الصوتية القادمة من الأذن إلى الدماغ، نفهم الخصائص الأساسية للصوت، مثل إرتفاعه وشّدته، لكن أيضًا الأشياء الأكثر تقدمًا مثل الموقع في الفراغ الذي سمعنا منه وما هو معنى الأصوات: هل يتحدث أحدهم معي؟  هل هذه موسيقى؟
somatosensory_perception_title,Touch,מגע,لمس
somatosensory_perception_body,"All our tactile receptors – vibration, pain, temperature sensing, and even self-sensing (knowing where my hands are without looking) – reach the brain from receptors spread throughout the body.","כלל תחושות המגע שלנו: רֶטֶט, כְּאֵב, חִישַׁת טמפרטורה ואפילו חישת העצמי (הידיעה היכן נמצאות הידיים שלכם גם בלי שתסתכלו עליהן) מגיעות למוח מקולטנים הפזורים בכל הגוף.",إن كل مشاعر اللمس لدينا: الاهتزاز، الألم، استشعار درجة الحرارة وحتى الشعور بالنفس (معرفة مكان أيديكم دون أن تنظروا إليها) تصل إلى الدماغ من المُستقبلات المنتشرة في جميع أنحاء الجسم.
taste_perception_title,Taste,טעם,طعم
taste_perception_body,"Our tongue can differentiate between five tastes: sweet, salty, sour, bitter, and umami, as well as the extent of spiciness. The remaining perception of taste is determined by the sense of smell (which is why food doesn’t taste as good when your nose is stuffed). This information is transmitted to the brain which processes the taste’s meaning. Different areas of the brain are activated in response to pleasant or unpleasant tastes.","הלשון שלנו מבדילה בין חמישה טעמים: מתוק, מלוח, מר, חמוץ ואוּמָמִי, וכן במידת החריפוּת. לשאר תחושת הטעם אחראי חוש הריח (ולכן האוכל מרגיש פחות טעים כשהאף סתום). המידע הזה עובר למוח שמעבּד את משמעות הטעם. כך למשל, אזורים שונים במוח פעילים בתגובה לאוכל טעים ולאוכל לא טעים.",يميز لساننا بين النكهات الخمسة: حلو، مالح، مر، حامض و-أومامي وكذلك درجة الحار. ما تبقى من حاسة الذوق هو المسؤول عن حاسة الشم (وبالتالي فإن الطعام يكون أقل لذة عند انسداد الأنف). هذه المعلومات تنتقل إلى الدماغ الذي يعالج معنى الذوق. على سبيل المثال، تنشط مناطق مختلفة من الدماغ استجابة للطعام اللذيذ والطعام الغير لذيذ.
olfactory_perception_title,Smell,ריח,شم
olfactory_perception_body,"The nose contains over one thousand (!) different types of receptors, discerning the different molecules that enter it. This information is transferred to the brain which generates the perception and significance of the smell. For example, different areas are activated in response to pleasant or unpleasant smells.","יותר מֵאֶלֶף (!) סוגים שונים של קולטנים נמצאים בתוך האף וחשׁים את החומרים השונים שנכנסים אליו. המידע הזה עובר למוח שיוצר את תחושת הריח ואת משמעותו. כך למשל, אזורים שונים פעילים בתגובה לריח נעים ובתגובה לריח דוחה. ",هناك أكثر من ألف(!) نوع مختلف من المُستقبلات في الأنف وتشعر بالمواد المختلفة الّتي تدخله. تنتقل هذه المعلومات إلى الدماغ الذي يخلق حاسة الشم ومعناها. على سبيل المثال، تنشط مناطق مختلفة من الدماغ استجابةً للرائحة اللطيفة واستجابة للرائحة الكريهة.
motion_title,Movement,תנועה,حركة
motion_body,"When you raise your hand, it's the brain that sends a command to your hand to move. Every movement involves many areas of the brain in planning, precision, timing, and the ability to carry out the correct movement for each purpose, even without paying much attention to it.","כשאתם מרימים את היד, המוח הוא ששולח פקודה להזיז אותה. בכל תנועה מעורבים הרבה אזורים במוח שאחראים על התכנון, הדיוק, הַתִּזְמוּן והיכולת לבצע את התנועה הנכונה לכל מטרה, גם בלי שנקדיש לכך תשומת לב רבָּה.",عندما نرفع اليد، يرسل الدماغ أمرًا لتحريكها. تتضمن كل حركة العديد من مناطق الدماغ المسؤولة عن التخطيط والدقة والتوقيت والقدرة على أداء الحركة الصحيحة لأيّ غرض من الأغراض حتى دون إيلاء الكثير من الاهتمام لها.
language_title,Language,שפה,لغة
language_body,"Language is the primary way we communicate with each other. For most of us, the language areas lie mainly on the left side of the brain. Certain areas are responsible for language comprehension, and language production and understanding syntax.","השפה היא הדרך העיקרית שבאמצעותה אנו מְתַקְשְׁרִים אחד עם השני. אצל רובנו אזורי השפה נמצאים בעיקר בצד שמאל של המוח, כאשר אזורים שונים אחראים על הבנת שפה ועל הבעת שפה והבנת תחביר.",اللغة هي الطريقة الرئيسية الّتي نتواصل بها مع بعضنا البعض. بالنسبة لمعظمنا، تقع المناطق اللغوية بشكلٍ أساسي على الجانب الأيسر من الدماغ، مع وجود مناطق مختلفة مسؤولة عن فهم اللغة والتعبير عن اللغة وفهم بناء الجملة.
emotions_title,Emotions,רגשות,عواطف
emotions_body,"We still don’t fully understand how emotions are reflected in the brain. However, quite a few areas in the brain have been found to be important for processing emotions. Studying these areas helps piece the puzzle together.","עדיין איננו מבינים לעומק כיצד רגשות מתבטאים במוח שלנו. עם זה, לא מעט אזורים במוח התגלו כחשובים לעיבוד רגשות, ומחקר שלהם עוזר להרכיב את הפאזל.",نحن لا نفهم بعد تمامًا كيف يتم التعبير عن المشاعر في دماغنا. مع ذلك، تم العثور على عدد لا بأس به من المناطق في الدماغ المهمة لمعالجة المشاعر، وتساعد أبحاثها على تجميع اللغز.
consolidation_of_new_memories_title,Consolidation of New Memories,שמירת זיכרונות חדשים,حفظ ذكريات جديدة
consolidation_of_new_memories_body,"We are constantly exposed to a lot of information, but we forget most of it quickly and retain only a small amount. The brain, especially the Hippocampus, decides whether each new item is important and should be retained in the memory, or whether it can be forgotten.","אנו נחשפים כל הזמן להרבה מאוד מידע, אבל את רובו אנו שוכחים מהר ורק חלק קטן ממנו נשמר בזיכרון שלנו. המוח, ובפרט ההיפוֹקמפוֹס, מחליט עבור כל פריט מידע חדש אם חשוב לשמור אותו בזיכרון, או שאפשר לשכוח אותו.",نتعرض باستمرار لكثير من المعلومات، لكن معظمها ننساها بسرعة ولا يتم الاحتفاظ إلا بجزء صغير منها في ذاكرتنا. الدماغ، وخاصةً الحصين يقرر ما إذا كانت المعلومات الجديدة جديرة بالإحتفاظ بها في الذاكرة أم نسيانها.
working_memory_title,Working Memory,זיכרון עבודה,ذاكرة العمل
working_memory_body,"This used to be called ‘short term memory’. It contains all the memories we need to carry out the tasks we are currently engaged in, a little like a desk on which we are doing homework. Just like the desk, the working memory has limited space therefore it will only retain the information that is important right now.","נקרא בעבר ""זיכרון הטווח הקצר"". זהו סך הזיכרונות הנחוצים למשימות שאנו מְבַצְּעִים כרגע, קצת כמו שולחן שעליו מכינים את שיעורי הבית. כמו במקרה השולחן, גם בזיכרון העבודה שלנו יש מקום מוגבל, ולכן יישמר בו רק המידע שחשוב כרגע.","كانت تسمى في السابق ""ذاكرة قصيرة المدى"". هذا هو مجمل الذكريات اللازمة للمهام الّتي نقوم بها حاليًا، مثلها مثل الطاولة الّتي نقوم عليها بواجباتنا اليومية. كما هو الحال في الطاولة، توجد أيضًا مساحة محدودة لذاكرة ذاكرتنا العاملة، لذلك سيتم الحفاظ على المعلومات المهمة فقط في الوقت الحالي."
orientation_title,Orientation,התמצאות,تحديد المكان
orientation_body,"Thanks to the brain we have a pretty good understanding of where we are, what is closer to us and what is more distant, and how to get from place to place. In the Hippocampus there are cells that code the location we are in at any given moment, and it’s possible that they help us orient ourselves.","בזכות המוח אנו מסוגלים להבין די טוב היכן אנו נמצאים, מה קרוב יותר ורחוק יותר מאיתנו ואיך להגיע ממקום למקום. בהיפוקמפוס ישנם תאים הַמְּקֻדָּדִים למקום שבו אנו נמצאים בכל רגע נתון, וייתכן שהם מסייעים לנו להתמצא.",بفضل الدماغ يمكننا أن نفهم جيدًا أين مكاننا، وما هو أقرب وأبعد عنا وكيف ننتقل من مكان إلى آخر. في الحصين، توجد خلايا المشفرة الى المكان الذي نحن فيه في أيّ لحظة وقد تساعدنا في توجيه أنفسنا.
hunger_and_satiety_title,Hunger and Satiety,רעב ושובע,الجوع والشبع
hunger_and_satiety_body,"The nuclei of hunger and satiety in the Hypothalamus receive information from the digestive system and from many areas in the brain about our current condition, and they decide whether to generate the feeling of hunger or the feeling of satiety.","גרעיני הרעב והשובע בהיפותלמוּס שבמוח מקבלים מידע ממערכת העיכול ומשלל אזורים במוח על המצב שלנו, ומחליטים אם כדאי ליצור אצלנו תחושה שהגיע הזמן לאכול, או ליצור תחושה של שׂובע.",تتلقى خلايا الجوع والشبع في منطقة تحت المهاد (الهايبوثلاموس) في الدماغ معلومات من الجهاز الهضمي ومناطق أخرى في الدماغ عن وضعنا وتقرر ما إذا كان من المفيد أن نخلق عندنا الشعور بأنه قد حان الوقت لتناول الطعام، أو خلق شعور بالشبع.
circadian_clocks_title,Circadian Rhythm,שעונים ביולוגיים,ساعات بيولوجية
circadian_clocks_body,"Our circadian clock is located in the Hypothalamus and helps us determine if it is day or night, even  without knowing if the sun is shining or not. The clock can be reset with sunlight – that is how we become accustomed to the new schedule set by the sun when we fly to another country.",השעון הביולוגי שלנו שממוקם בהיפותלמוס עוזר להבין מתי יום ומתי לילה גם בלי שנדע אם השמש מאירה בחוץ. אפשר לכוון את השעון מחדש בעזרת אור השמש – כך אנו מִתְרַגְּלִים לסדר היום החדש שקובעת השמש בארץ שאליה אנו מגיעים.,تساعدنا الساعة البيولوجية الموجودة في منطقة تحت المهاد (الهايبوثلاموس) على فهم متى نهار ومتى ليل دون معرفة ما إذا كانت الشمس مضيئة في الخارج. يمكن إعادة ضبط الساعة بمساعدة ضوء الشمس - لذلك نحن نعتاد على جدول الأعمال الجديد الذي وضعته الشمس في الدولة الّتي وصلنا إليها.
breath_and_heartbeat_regulation_title,Breathing and Heartbeat Regulation,שליטה בנשימה ובקצב הלב,سيطرة على التنفس ومعدل ضربات القلب
breath_and_heartbeat_regulation_body,"Our heart and lungs don’t work randomly. They are regulated by the Brain Stem, which slows or speeds their actions as necessary. For instance, when we run we need a lot of oxygen so the brain raises our breathing and heart rate.","הלב והריאות אינם פועלים סתם כך. גזע המוח שלנו שולט בהם, מֵאֵט או מאיץ את פעילותם במקרה הצורך. כך למשל, כשאנו רצים אנו זקוקים להרבה חמצן, לכן המוח מעלה את קצב הנשימה וקצב הלב.",القلب والرئتين لا يعملان هكذا. يتحكم بهم جذع الدماغ لدينا ويبطئ أو يُسّرع نشاطهم إذا لزم الأمر. على سبيل المثال، عندما نركض نحتاج إلى الكثير من الأكسجين وبالتالي فإن الدماغ يزيد من معدل التنفس ومعدل ضربات القلب.
conscious_state_title,Conscious State,מצבי הכרה,حالات الوعي
conscious_state_body,"Different areas in the brain work differently when we are awake and when we are sleeping, and a change in their activity can cause us to fall asleep or to wake up. In some cases of disorders of consciousness, such as a coma or vegetative state, these areas are damaged.","אזורים שונים במוח פועלים באופן אחר כשאנו ישנים וכשאנו ערים, ושינוי בפעילוּת שלהם יכול לגרום לנו להירדם או להתעורר. במקרים רבים בהם יש פגיעה בהכרה, כמו בתַרְדֶּמֶת או במצב ""צֶמַח"", קיימת פגיעה באזורים האלה.","مناطق مختلفة من الدماغ تعمل بشكل مختلف عندما ننام وعندما نكون مستيقظين، التغيير في نشاطها يمكن أن تجعلنا ننام أو نستيقظ. في حالات كثيرة يكون فيها ضرر في الوعي، كما في الحلم أو ""الحالة السريرية""، هناك ضرر لهذه المناطق."
cortex_title,The Cortex,הַקּוֹרְטֶקְס,القشرة
frontal_lobe_title,Frontal Lobe,הָאוּנָה המצחית,الفص الجبهي
frontal_lobe_body,"Located at the front of the brain, this is the largest of the four lobes. The areas within it are responsible for many functions: the Motor Cortex is responsible for movement; Broca’s Area is responsible for language production; and the Prefrontal Cortex plays an important role in higher brain functions such as strategic thinking and decision making.","ממוקמת בקִדְמַת המוח, האונה הגדולה ביותר מבין ארבע האונות. מכילה אזורים בעלי תפקידים רבּים ומגוונים: קליפת המוח המוטורית החשובה לתנועה; אזור בָּרוֹקָה האחראי על הבעת שפה וקליפת המוח הקדם-מצחית החשובה לתפקודים גבוהים של המוח כמו חשיבה אסטרטגית וקבלת החלטות.",يقع في مقدمة الدماغ، وهو أكبر الفصوص الأربعة. يحتوي على مناطق بها العديد من الوظائف المختلفة: القشرة الحركية المهمة للحركة؛ منطقة بروكا المسؤولة عن التعبير اللغوي والقشرة امام جبهية المهمة لوظائف الدماغ العليا مثل التفكير الاستراتيجي واتخاذ القرارات.
motor_cortex_title,Primary Motor Cortex,קליפת המוח המוטורית,قشرة الدماغ الحركية
motor_cortex_body,"This area is responsible for movement. Commands that originate in the Primary Motor Cortex are sent to the Spinal Cord that transmits them to the muscles, which contract and relax accordingly. Different areas in the Primary Motor Cortex are responsible for different organs, from the feet to the face. The forefront of this area is responsible for complex tasks such as planning movement and movement sequences.","אחראית על תנועה. הפקודות יוצאות ממנה לחוט הַשִּׁדְרָה ומשם לשרירים שמתכווצים ומתרפים לפיהן. אזורים שונים בקליפת המוח המוטורית אחראים על תנועת השרירים באזורים שונים בגוף, מהרגליים ועד לפנים. החלק הקדמי יותר של האזור אחראי על משימות מורכבות כמו תכנון תנועה ורצפי תנועות.",مسؤولة عن الحركة. تنتقل الأوامر منها إلى النخاع الشوكي ومن هناك إلى العضلات الّتي تتقلص وتسترخي وفقًا لهم. مناطق مختلفة من قشرة الدماغ الحركية هي المسؤولة عن حركة العضلات في مناطق مختلفة في الجسم، من الساقين وحتى الوجه. الجزء الأمامي من المنطقة مسؤول عن المهام المعقدة مثل تخطيط الحركة وتسلسل الحركة.
broca_area_title,Broca's Area,אזור בּרוֹקָה,منطقة بروكا
broca_area_body,"This is one of the two areas in the brain responsible for language. It is located usually on the left side of the brain and is important for syntax and speech production (patients with damage in this area will have difficulty talking, although they will understand what is said to them). Research also attributes non-language functions to this area, such as music and working memory.","אחד משני האזורים החשובים לשׂפה במוח. לרוב נמצא רק בצד שמאל של המוח. חשוב להבעת שפה; הפקת דיבור והבנת תחביר (חולים שנפגעו באזור זה יתקשו לְדַבֵּר, אף שיבינו מה שייאמר להם). מחקרים מְקַשְּׁרִים אותו גם לתפקידים בלתי שפתיים כמו מוזיקה וזיכרון עבודה.",واحدة من أهم منطقتي اللغة في الدماغ. عادةً توجد فقط في الجانب الأيسر للدماغ. مهمة للتعبير عن اللغة؛ إنتاج الكلام وفهم بناء الجملة (المرضى الذين أصيبت عندهم هذه المنطقة سيجدون صعوبة في التحدث، على الرغم من أنهم سيفهمون ما يُقال لهم). تربطها الدراسات أيضًا بأدوار غير شفهية مثل الموسيقى والذاكرة العاملة.
prefrontal_cortex_title,Prefrontal Cortex,קליפת המוח הַקְּדַם-מצחית,قشرة أمام جبهية
prefrontal_cortex_body,"One of the most important areas in the brain. It is mainly responsible for high functions such as decision making; planning and management; social behavior; and rational thinking. It is also involved in learning processes, memory, and attention. Researchers attribute intelligence, and our characteristics and personality to this area. Different diseases, such as schizophrenia and autism, are characterized with changes in this area.","מהאזורים החשובים ביותר במוח. אחראי בעיקר על תפקודים גבוהים כמו קבלת החלטות; תכנון וניהול; התנהגות חברתית; חשיבה רציונלית ועוד. מעורב בתהליכי למידה, זיכרון וקֶשֶׁב. חוקרים מְקַשְּׁרִים אזור זה לאינטליגנציה, לאישיוּת ולאופי שלנו. במחלות שונות, מסכיזופרניה ועד אוטיזם, מזהים בו שינויים.",من أهم المناطق الموجودة في الدماغ. مسؤولة في المقام الأول عن الوظائف العالية مثل صنع القرار؛ التخطيط والإدارة؛ السلوك الاجتماعي؛ التفكير العقلاني وأكثر من ذلك. تشارك في عمليات التعلم والذاكرة والانتباه. يربط الباحثون هذه المنطقة بذكائنا وشخصيتنا وطباعنا. وفي أمراض مختلفة، من انفصام الشخصية إلى مرض التوحد، يمكن التعرف على تغييرات قد حدثت في هذه المنطقة.
parietal_lobe_title,Parietal Lobe,הָאוּנָה הקודקודית,الفص الجداري
parietal_lobe_body,"This is a significant lobe in the cortex. It has a wide range of functions, from processing sensory information from the body in the Somatosensory Cortex to higher functions that take place in the Posterior Parietal Cortex.","אונה מרכזית ומשמעותית בקליפת המוח. יש לה מגוון רחב מאוד של תפקידים, מעיבוד המידע התחושתי מכל רחבי הגוף בקליפת המוח התחושתית ועד תפקידים גבוהים יותר המתבצעים באונה הקודקודית האחורית.",فص مركزي وهام في القشرة الدماغية. لديه مجموعة واسعة من الأدوار، من المعالجة الحسّية في جميع أنحاء الجسم في القشرة الدماغية إلى الأدوار العليا في الفص الجداري الخلفي.
somatosensory_cortex_title,Somatosensory Cortex,קליפת המוח התחושתית,قشرة الدماغ الحسّية
somatosensory_cortex_body,"This is responsible for processing touch as well as processing pain, vibrations, and temperature. This area receives information from receptors spread throughout the body and transmits information through the Spinal Cord and the Brain Stem.","אחראית על עיבוד תחושת המגע והמישוש וכן על עיבוד של כְּאֵב, רֶטֶט וטמפרטורה. אזור זה מקבל מידע מקולטנים המפוזרים בכל הגוף ומעבירים מידע דרך חוט השדרה וגזע המוח.",مسؤولة عن معالجة حاسة اللمس ، وكذلك معالجة الألم والاهتزاز ودرجة الحرارة. تتلقى هذه المنطقة المعلومات من المُستقبلات الموزعة في جميع أنحاء الجسم وتنقل المعلومات عبر الحبل الشوكي وجذع الدماغ.
posterior_parietal_lobe_title,Posterior Parietal Cortex,קליפת המוח הקודקודית האחורית,الفص الجداري الخلفي
posterior_parietal_lobe_body,"This contains areas responsible for higher functions of the brain, such as coordinating between the sense of sight and the sense of touch, and synchronizing these senses with motor functions. It is involved in actions related to math and logic, and also in high level functions such as attention, working memory, notion of ‘self’ and of space.","מכילה אזורים שאחראים על תפקודים גבוהים של המוח כמו תיאום בין חוש הראייה לחוש המישוש, וסִנְכְּרוּן בין החושים האלה ובין פעולות מוטוריות. מעורבת בפעולות הקשורות למתמטיקה ולוגיקה, וקשורה לתפקידים מרכזיים כמו קֶשֶׁב, זיכרון עבודה ותפיסת ה""עצמי"" והמרחב.","يحتوي على مناطق مسؤولة عن وظائف الدماغ العالية مثل التنسيق بين حاسة البصر واللمس، والتزامن بين هذه الحواس والوظائف الحركية. يشارك في الأنشطة المتعلقة بالرياضيات والمنطق ويرتبط بالوظائف الرئيسية مثل الإصغاء، ذاكرة العمل وتصور ""الذات"" والفراغ."
occipital_lobe_title,Occipital Lobe,הָאוּנָה העורפית,الفص القذالي
occipital_lobe_body,"Responsible for processing visual information. The primary area in which the information is first received, carry out basic characteristic processing such as location of the object we see and its orientation. The more advanced areas process aspects such as movement and color. The information is then transmitted to other lobes for further processing.",אחראית על עיבוד מידע מחוש הראייה. באזורים הראשונים שמקבלים את המידע מתרחש עיבוד מאפיינים בסיסיים כמו מיקום האובייקט שאנו רואים והזווית שבה הוא נמצא. באזורים מתקדמים יותר מְעַבְּדִים דברים כמו צבע ותנועה. המידע עובר מכאן לאונות אחרות להמשך עיבוד התמונה.,الفص الصدغي يجلس على جانبي الدماغ خلف الصدغ. إنه يلعب دورًا مهمًا في معالجة المعلومات من الحواس. المناطق المختلفة داخل هذا الفص هي المسؤولة عن معالجة المعلومات البصرية والسمعية والرائحة.
temporal_lobe_title,Temporal Lobe,הָאוּנָה הרקתית,الفص الصدغي
temporal_lobe_body,"The Temporal Lobe is located at the sides of the brain, behind the temples. It plays a significant role in processing sensory information. Different areas within this lobe are responsible for processing information from the senses of sight, sound, and smell.","האונה הרקתית יושבת בצידי המוח מאחורי הָרַקָּה. יש לה תפקיד משמעותי בעיבוד מידע מהחושים. אזורים שונים בתוך האונה הזו אחראים על עיבוד מידע מחוּשֵׁי הראייה, השמיעה והריח.","Temporal Lobeخطّة لكون الإقتصادية بل أضف. حتى هو بينما وأزيز يرتبط, ان بوابة بلديهما بعد. أمدها والديون تم يكن, أضف النفط وإعلان للسيطرة مع, الى دفّة الخارجية ما. هو الله عرفها كانتا انه, إذ قائمة وبحلول وإعلان تعد. وجهان تكتيكاً التقليدي في يكن, أم كما أكثر كثيرة جزيرتي. عل عُقر وزارة."
auditory_cortex_title,Auditory Cortex,קליפת המוח השמיעתית,قشرة الدماغ السمعية
auditory_cortex_body,This is responsible for processing information of sound. It is divided into sub-sections: the primary area is the first in the cortex to receive the auditory information; It then transmits it to the secondary areas that are responsible for more complex hearing functions such as processing music.,"אחראית על עיבוד המידע מחוש השמיעה. מחולקת לתתי-אזורים: האזור הראשוני מקבל תחילה את הקלט השמיעתי שמגיע לקליפת המוח, והאזורים השניוניים שסביבו אחראים על תפקידים מורכבים יותר של השמיעה כמו עיבוד מוזיקה.",مسؤولة عن معالجة المعلومات من السمع. مقسمة إلى مناطق فرعية: المنطقة الأساسية تتلقى أولاً المدخلات السمعية التي تصل إلى القشرة والمناطق الثانوية المحيطة بها مسؤولة عن وظائف أكثر تعقيدًا في السمع مثل معالجة الموسيقى.
wernicke_area_title,Wernicke’s Area,אזור וֶרְנִיקָה,منطقة ويرنيكا
wernicke_area_body,"One of the two language areas in the brain. It is responsible for language comprehension, but not language production. Patients with damage in this area have a normal speech flow but cannot understand what they are saying. This area only exists on one side of the brain (usually on the left).","אחד מִשְּׁנֵי אזורי השׂפה במוח. אחראי על הבנת השפה, אבל לא על הבעת שפה. חולים שנפגעו באזור זה מְדַבְּרִים בְּשֶׁטֶף כמו אנשים בריאים, אך לא מבינים מה הם אומרים. אזור זה קיים רק בצד אחד של המוח (לרוב בצד שמאל).",واحدة من منطقتي اللغة في الدماغ. مسؤولة عن فهم اللغة المكتوبة ، ولكن ليس عن التعبير عن اللغة. يتكلم المرضى المصابون في هذا المنطقة بطلاقة مثل الأشخاص الأصحاء، لكنهم لا يفهمون ما يقولونه. هذه المنطقة موجودة فقط على جانب واحد من الدماغ (عادةً في الجانب الأيسر).
median_and_inferior_temporal_lobe_title,Medial and Inferior Temporal Lobe,הָאוּנָה הָרַקָּתִית האמצעית והתחתונה,الفص الصدغي الأوسط والسفلي
median_and_inferior_temporal_lobe_body,"This part contains the areas responsible for more complex processing of the visual information, such as face recognition, object recognition, and background recognition.","בחלק זה נמצאים אזורים אשר אחראים על עיבוד מורכב יותר של התמונה המגיעה מחוש הראייה, דוגמת אזורים הקשורים לזיהוי פָּנִים, זיהוי אובייקטים וזיהוי רֶקַע.",في هذا القسم، هناك مناطق مسؤولة عن المعالجة الأكثر تعقيدًا للصورة القادمة من حاسة البصر، مثل المناطق المتعلقة بتحديد ملامح الوجه والتعرف على الأشياء والتعرف على الخلفية.
piriform_cortex_title,Piriform Cortex,קליפת המוח הפּיריפוֹרמית,القشرة الكمثرية
piriform_cortex_body,"This is the area of the cortex responsible for processing information from the sense of smell. It receives information from the smell organs. In humans this area is very small relative to other parts of the brain, which may indicate that the sense of smell has a less important role in our lives compared to other species.","האזור המרכזי בקליפת המוח אשר אחראי על עיבוד המידע מחוש הריח. מקבל את המידע שלו מאיברי הַחִישָׁה של מערכת הריח. בהשוואה למינים אחרים, בבני אדם האזור הזה קטן מאוד ביחס לשאר המוח, מה שעשוי להעיד על כך שחוש הריח ממלא אצלנו תפקיד פחות מרכזי בהשוואה למינים אחרים.",المنطقة المركزية في قشرة الدماغ المسؤولة عن معالجة المعلومات من حاسة الشم. تحصل على معلوماتها من الأعضاء الحسّية للجهاز الشمي. مقارنةً بالأنواع الأخرى، تُعّد هذه المنطقة في البشر صغيرة جدًا مقارنةً بباقي الدماغ، مما قد يشير إلى أن حاسة الشم تلعب دورًا أقل أهمية مقارنةً مع الأنواع الأخرى.
limbic_cortex_title,Limbic Cortex,קליפת המוח הַלִּימְבִּית,الفص الحوفي
limbic_cortex_body,"This relates to a wealth of processes related to behavior. It is important for social behavior; processing emotions; motivation; learning; and memory. The Limbic system has additional components that are not in the cortex, such as the Amygdala and the Hippocampus.","קשורה לשלל תהליכים שקשורים להתנהגות. חשובה להתנהגות חברתית וכן לעיבוד רגשות; מוטיבציה; למידה וזיכרון. למערכת הלימבית יש חלקים נוספים שאינם בקליפת המוח, כמו האמיגדלה וההיפוקמפוס.",يرتبط بمجموعة متنوعة من العمليات السلوكية. مهم للسلوك الاجتماعي ومعالجة العواطف؛ التحفيز؛ التعلم والذاكرة. يحتوي الجهاز الحُوفِيّ على أجزاء أخرى غير موجودة في قشرة الدماغ، مثل اللوزة والحصين.
insula_title,Insula,אִינְסוֹלָה,فص جزيري
insula_body,"This part of the cortex is folded deep within the brain and cannot be seen from outside. The insula is related to various emotions such as disgust, and emotional reactions to external stimuli. It is involved in tasks such as monitoring bodily activities but also higher brain processes.","חלק זה של קליפת המוח מקופל לעומק המוח ואי אפשר להבחין בו במבט חיצוני. האינסולה קשורה לרגשות שונים כמו גועל, ולתגובה רגשית לגירויים חיצוניים. מעורבת הן במשימות כמו בַּקָּרָה על פעילות הגוּף הן בתהליכים גבוהים של המוח.",هذا الجزء من القشرة مطوي في عمق الدماغ ولا يمكن رؤيته من الخارج. يرتبط الفص الجزيري بمشاعر مختلفة مثل الاشمئزاز والاستجابة العاطفية للمنبهات الخارجية. يشارك في مهام مثل مراقبة فعالية الأطراف في عمليات الدماغ العليا.
gustatory_cortex_title,Gustatory Cortex,קליפת המוח הגוֹסטטוֹרית,قشرة الدماغ التذوقية
gustatory_cortex_body,"This area is responsible for processing information from the sense of taste. The information arrives from taste receptors placed in the mouth (mainly on the tongue), flows through the Brain Stem and the Thalamus, reaching the Gustatory Cortex. The Gustatory Cortex is composed of two parts, one in the insula, and the second at the bottom of the Frontal Lobe.","אחראית על עיבוד המידע מחוש הטעם. המידע מגיע מקוֹלטני הטעם שיושבים בפה (בעיקר על הלשון), עובר דרך גזע המוח והתלמוס ומגיע לקליפת המוח הגוסטטורית. לאזור זה שני חלקים, האחד באינסולה, והשני בתחתית האונה המצחית.",مسؤولة عن معالجة المعلومات من التذوق. تأتي المعلومات من مُستقبلات التذوق الّتي في الفم (خاصةً على اللسان) وتمر عبر جذع الدماغ والمهاد وتصل إلى قشرة الدماغ التذوقية. تحتوي هذه المنطقة على جزأين، أحدهما في الفص الجزيري والآخر في الجزء السفلي من الفص الجبهي.
deep_nuclei_in_the_forebrain_title,Deep Cerebellar Nuclei,גרעינים עמוקים,نوى عميقة
hippocampus_title,Hippocampus,היפּוֹקמפּוֹס,هيبوكمبوس (الحصين)
hippocampus_body,"Hippocampus means ‘sea horse’ in Latin, and some say that the shape of the Hippocampus resembles a sea horse. The Hippocampus plays an important role in generating, coding, and storing new memories, especially conscious memories of events and facts. The Hippocampus also plays a role in spatial memory and orientation.","בלטינית משמעות השם היפוקמפוס היא ""סוּסוֹן ים"", ויש האומרים שההיפוקמפוס דומה בצורתו לחיה זו. להיפוקמפוס חשיבוּת רבּה ביצירה של זיכרונות חדשים, קידודם ואחסונם, בפרט זיכרונות מוּדָעִים והצהרתיים של אירועים ועֻבְדּוֹת. כמו כן יש להיפוקמפוס תפקיד בהתמצאוּת במרחב ובזיכרון מרחבי.","في اللاتينية، معنى الاسم هيبوكمبوس- الحصين هي ""فرس البحر""، ويقول البعض إن الحصين يشبه في شكله هذا الحيوان. للحصين أهمية كبيرة في إنشاء وتعزيز وتخزين ذكريات جديدة، وخاصةً الذكريات الواعية والإعلانية للأحداث والأعمال. يلعب الحصين أيضًا دورًا في تحديد المكان والذاكرة المكانية."
amygdala_title,Amygdala,אַמִיגְדָלָה (גרעין השקד),لوزة دماغية
amygdala_body,"A small area in the depth of the brain that plays an important role in processing different aspects of emotion (most notably, fear). The Amygdala’s importance is twofold: it influences high psychological behaviors that stem from emotion; and it regulates basic bodily functions resulting from emotions (for instance, by raising blood pressure and heart rate).","אזור קטן היושב בעומק המוח, בעל תפקיד חשוב בשליטה על היבטים שונים של רֶגֶשׁ (מפורסם בחשיבותו בתגובות פחד). לאמיגדלה חשיבות כפולה: הן בהשפעות פסיכולוגיות גבוהות על ההתנהגות כתוצאה מֵרְגָשׁוֹת הן בשליטה על תפקודים גופניים בסיסיים כתוצאה מֵרְגָשׁוֹת (למשל, עלייה בלחץ הדם ובקצב הלב).",منطقة صغيرة في عمق الدماغ، تلعب دورًا مهمًا في التحكم في جوانب العاطفة المختلفة (المعروفة بأهميتها في تفاعلات الخوف). لِللوزة الدماغية أهمية مزدوجة: هي بالتأثيرات النفسية العالية على السلوك الناجم عن المشاعر وهي بالتحكم في الوظائف الجسّدية الأساسية نتيجة للعاطفة (على سبيل المثال، زيادة ضغط الدم ومعدل ضربات القلب).
thalamus_title,Thalamus,תָּלָמוּס,المِهاد (الثلاموس)
thalamus_body,"This is the brain’s ‘relay station’. Most of the information that reaches the Cortex from the body and other places in the nervous system (such as information from the senses, apart from the sense of smell) first goes through the Thalamus. Very basic processing of information takes place here, after which it is transmitted to the Cortex.","""תחנת הַמִּמְסָר"" של המוח. רוב המידע שמגיע לקליפת המוח ממקומות שונים בגוף ובמערכת העצבים (למשל, מידע מהחושים, מלבד חוש הריח), עובר קודם כל בתלמוס. באזור זה מתבצע עיבוד ראשוני של המידע, ולאחר מכן הוא נשלח לקליפת המוח.","""مكرر"" الدماغ. معظم المعلومات الّتي تصل إلى القشرة من أجزاء مختلفة من الجسم والجهاز العصبي (على سبيل المثال، معلومات من الحواس، ما عدا حاسة الشم) تمر عبر المهاد أولاً. في هذه المنطقة، تتم معالجة المعلومات أولاً ثم يتم إرسالها إلى القشرة الدماغية."
hypothalamus_title,Hypothalamus,היפּוֹתלמוּס,تحت المهاد (الهايبوثلاموس)
hypothalamus_body,"The Hypothalamus monitors some of the body’s basic behaviors. It regulates hunger and thirst, body temperature, and is responsible for the circadian rhythm. It is connected to many areas in the brain, activates the Pituitary Gland, and secretes hormones that affect processes that take place throughout the body.","מְבַקֵּר כמה מההתנהגויות הבסיסיות של הגוף. שולט בין השאר על תחושות הרעב והצמא, מְוַסֵּת את טמפרטורת הגוף  ואחראי על מנגנון השעון הביולוגי. מקושר לאזורים רבּים במוח, מפעיל את בלוטת יוֹתֶרֶת המוח ומפריש הורמונים שמשפיעים על תהליכים המתרחשים בגוף כולו.",يراقب بعض السلوكيات الأساسية للجسم. يتحكم في مشاعر الجوع والعطش وينظم درجة حرارة الجسم وهو مسؤول عن آلية الساعة البيولوجية. يرتبط بالعديد من مناطق الدماغ، وينشط الغدة النخامية ويفرز الهرمونات الّتي تؤثر على العمليات الّتي تحدث في جميع أنحاء الجسم.
basal_ganglia_title,Basal Nuclei,גרעיני הבסיס,العقد القاعدية
basal_ganglia_body,The Basal nuclei play a central role in regulating movement. Irregular activity on their part may result in Parkinson’s disease. It was recently discovered that they also play a part in cognitive processes that are not related to motion. One of the structures in this cluster is the Nucleus Accumbens – which plays a role in the system that generates reinforcement learning.,בעלי תפקיד מרכזי בשליטה על תנועות. פעילות בלתי תקינה שלהם עלולה לגרום למחלת פרקינסון. לאחרונה התגלה כי יש להם תפקידים בתהליכים קוגניטיביים שאינם קשורים לתנועה. אחד הגרעינים בצֶּבֶר זה הוא גרעין הָאָקוּמְּבַּנְס – חלק מרכזי במערכת שיוצרת למידה בעקבות חיזוק חיובי במוח.,لها دور مركزي في السيطرة على الحركات. نشاطهم غير الطبيعي قد يسبب مرض الرعاش. لقد تم مؤخرًا الكشف عن أن لديهم أدوارًا في العمليات المعرفية غير المرتبطة بالحركة. أحد النواة في هذه المجموعة هي النواة المتكئة - جزء مركزي من النظام الذي يخلق التعلم نتيجة التعزيز الإيجابي في الدماغ.
cerebellum_title,Cerebellum,צֶרֶבֶּלוּם (המוֹחוֹן),المُخَيخ
cerebellum_body,"One of the most mysterious and fascinating areas of the nervous system. Despite comprising only 15% of the brain’s size, it contains 60% of the neurons. It is notable for its motor roles such as coordination, balance, precision and timing. Studies have found that it is also related to higher functions such as memory, learning, decision making, and emotion.","אחד האזורים המסתוריים והמרתקים במערכת העצבים. למרות שגודלו רק 15% מהמוח הוא מכיל 60% מתאי המוח. מפורסם בתפקידים המוטוריים שלו, ובין השאר חשוב לקואורדינציה; לשיווי משקל ולשליטה על דיוּק ותזמוּן. חוקרים מוצאים הֶקְשֵׁרִים שלו גם לתפקידים גבוהים כמו זיכרון; למידה; קבלת החלטות ורֶגֶשׁ.",أحدى المناطق الغامضة والرائعة في الجهاز العصبي. على الرغم من أنه يمثل 15٪ فقط من الدماغ، إلا أنه يحتوي على 60٪ من خلايا الدماغ. يشتهر بأدواره الحركية، ومن جملة الأمور الأخرى، التنسيق؛ التوازن والسيطرة على الدقة والتوقيت. يجد الباحثون أيضًا علاقات أخرى له تتعلق بأدوار عالية مثل الذاكرة؛ التعلم؛ صنع القرار والعاطفة.
brain_stem_title,Brain Stem,גזע המוח,جذع الدماغ
brain_stem_body,"This is essential for the basic functions of the body and brain. It monitors and regulates the activity of major processes such as blood pressure; pulse and breathing. It also plays a significant role in regulating sleep, wakefulness, and the state of consciousness. It controls the face and eye muscles and is responsible for areas related to facial reflexes. It also contains the area responsible for pain relief.","חשוב לתפקודים בסיסיים של הגוף והמוח. מבקר וּמְוַסֵּת את פעולתם של תהליכים חשובים כמו לחץ הדם; הדופק והנשימה  ומשמעותי בשליטה על שֵׁנָה, עֵרוּת ומצב ההכרה. שולט בשרירי הפנים והעיניים ואחראי על חִישַׁת מגע מִשָּׁם. כולל את אזור שיכוך הכאב וכן אזורים הקשורים לרפלקסים בַּפָּנִים.",مهم للوظائف الأساسية للجسم والدماغ. يراقب وينظم أداء العمليات الهامة مثل ضغط الدم؛ نبضات القلب والتنفس والسيطرة على النوم، الصحو وحالة الوعي. يتحكم في عضلات الوجه والعينين وهو مسؤول عن حاسة اللمس من هناك. بما في ذلك منطقة تخفيف الآلام وكذلك المناطق المرتبطة بردود فعل (منعكسات) بالوجه.
